"FileName","Skybiometry","Microsoft","Google"
"face-353-1-Go.png",NA,NA,"neutral"
"face-354-1-Go.png",NA,"neutral","neutral"
"face-357-1-Go.png",NA,NA,"happiness"
"face-359-1-Go.png",NA,NA,"neutral"
"face-363-1-Go.png",NA,NA,"neutral"
"face-364-1-Go.png",NA,NA,"neutral"
"face-365-1-Go.png",NA,NA,"neutral"
"face-366-1-Go.png",NA,NA,"neutral"
"face-367-1-Go.png",NA,NA,"neutral"
"face-369-1-Go.png","anger","neutral","neutral"
"face-529-2-Go.png",NA,NA,"neutral"
"face-534-1-Go.png","fear","neutral","neutral"
"face-701-1-Go.png",NA,NA,"neutral"
"face-703-3-Go.png","surprise","neutral","neutral"
"face-704-1-Go.png","sadness",NA,"neutral"
"face-772-2-Go.png",NA,NA,"happiness"
"face-773-1-Go.png",NA,NA,"neutral"
"face-774-2-Go.png",NA,NA,"neutral"
"face-852-1-Go.png",NA,NA,"neutral"
"face-899-1-Go.png",NA,NA,"neutral"
"face-900-3-Go.png",NA,"neutral","neutral"
"face-906-1-Go.png",NA,NA,"neutral"
"face-914-1-Go.png",NA,NA,"neutral"
"face-917-1-Go.png",NA,NA,"neutral"
"face-919-1-Go.png","surprise","neutral","neutral"
"face-920-1-Go.png",NA,"surprise","neutral"
"face-921-1-Go.png","disgust","neutral","neutral"
"face-922-4-Go.png",NA,"happiness","happiness"
"face-924-1-Go.png","disgust","neutral","neutral"
"face-928-2-Go.png",NA,"neutral","neutral"
"face-931-6-Go.png",NA,"neutral","neutral"
"face-932-1-Go.png","sadness","neutral","neutral"
"face-957-2-Go.png","anger",NA,"neutral"
"face-958-1-Go.png",NA,NA,"neutral"
"face-962-1-Go.png","sadness","happiness","happiness"
"face-970-1-Go.png","anger",NA,"neutral"
"face-971-1-Go.png","anger",NA,"neutral"
"face-982-1-Go.png",NA,"neutral","neutral"
"face-985-1-Go.png",NA,NA,"neutral"
"face-986-1-Go.png","surprise","neutral","neutral"
"face-1043-1-Go.png",NA,NA,"neutral"
"face-1044-1-Go.png","surprise","neutral","neutral"
"face-1051-1-Go.png",NA,NA,"neutral"
"face-1052-1-Go.png","anger",NA,"neutral"
"face-1053-1-Go.png","disgust","neutral","neutral"
"face-1056-4-Go.png","sadness","neutral","neutral"
"face-1058-1-Go.png",NA,NA,"neutral"
"face-1059-3-Go.png","anger",NA,"neutral"
"face-1060-1-Go.png","surprise",NA,"neutral"
"face-1061-2-Go.png",NA,NA,"neutral"
"face-1105-1-Go.png",NA,NA,"neutral"
"face-1106-2-Go.png","surprise",NA,"neutral"
"face-1107-1-Go.png","anger","neutral","neutral"
"face-1108-2-Go.png",NA,NA,"neutral"
"face-1111-2-Go.png",NA,"neutral","neutral"
"face-1112-1-Go.png",NA,NA,"neutral"
"face-1115-1-Go.png","surprise","neutral","neutral"
"face-1116-1-Go.png","anger","neutral","neutral"
"face-1124-1-Go.png",NA,NA,"neutral"
"face-1127-1-Go.png","surprise","neutral","neutral"
"face-1128-1-Go.png","fear","happiness","happiness"
"face-1147-2-Go.png","anger","neutral","happiness"
"face-1149-1-Go.png",NA,NA,"neutral"
"face-1152-1-Go.png","surprise","neutral","neutral"
"face-1153-1-Go.png","surprise","neutral","neutral"
"face-1155-1-Go.png",NA,NA,"neutral"
"face-1156-1-Go.png",NA,NA,"happiness"
"face-1163-1-Go.png","surprise","neutral","neutral"
"face-1200-1-Go.png","anger","neutral","neutral"
"face-1202-1-Go.png",NA,"neutral","neutral"
"face-1204-1-Go.png",NA,NA,"neutral"
"face-1210-1-Go.png",NA,NA,"neutral"
"face-1211-1-Go.png",NA,NA,"neutral"
"face-1236-2-Go.png","disgust","neutral","neutral"
"face-1237-1-Go.png","anger","anger","neutral"
"face-1238-3-Go.png","anger","neutral","neutral"
"face-1239-1-Go.png","fear","neutral","neutral"
"face-1240-1-Go.png","disgust","neutral","anger"
"face-1247-3-Go.png","surprise","surprise","neutral"
"face-1248-1-Go.png","fear","happiness","happiness"
"face-1249-1-Go.png","anger","neutral","anger"
"face-1271-1-Go.png",NA,NA,"neutral"
"face-1272-1-Go.png",NA,NA,"neutral"
"face-1275-4-Go.png","disgust","neutral","happiness"
"face-1276-1-Go.png","anger","neutral","neutral"
"face-1277-1-Go.png","disgust","neutral","neutral"
"face-1278-1-Go.png",NA,NA,"neutral"
"face-1279-1-Go.png",NA,NA,"neutral"
"face-1280-1-Go.png","anger","neutral","neutral"
"face-1317-1-Go.png",NA,NA,"neutral"
"face-1319-1-Go.png","surprise","neutral","neutral"
"face-1320-1-Go.png","anger","happiness","neutral"
"face-1324-1-Go.png","fear",NA,"neutral"
"face-1325-1-Go.png",NA,NA,"neutral"
"face-1326-1-Go.png",NA,NA,"neutral"
"face-1327-1-Go.png",NA,NA,"neutral"
"face-1329-1-Go.png",NA,NA,"neutral"
"face-1330-2-Go.png","surprise",NA,"neutral"
"face-1335-1-Go.png",NA,NA,"neutral"
"face-1336-1-Go.png",NA,NA,"neutral"
"face-1338-1-Go.png",NA,NA,"neutral"
"face-1351-1-Go.png","fear","neutral","neutral"
"face-1352-1-Go.png","fear","neutral","neutral"
"face-1356-1-Go.png","fear","neutral","neutral"
"face-1358-1-Go.png",NA,NA,"neutral"
"face-1359-1-Go.png","sadness","neutral","neutral"
"face-1360-1-Go.png","disgust","neutral","neutral"
"face-1361-1-Go.png","fear","neutral","neutral"
"face-1365-1-Go.png","disgust","surprise","neutral"
"face-1367-1-Go.png","anger","neutral","neutral"
"face-1371-1-Go.png","disgust","neutral","neutral"
"face-1436-1-Go.png",NA,NA,"neutral"
"face-1445-1-Go.png",NA,NA,"neutral"
"face-1447-1-Go.png",NA,NA,"neutral"
"face-1448-1-Go.png","sadness","neutral","neutral"
"face-1449-2-Go.png",NA,"neutral","neutral"
"face-1450-1-Go.png","sadness","neutral","neutral"
"face-1463-1-Go.png",NA,"neutral",NA
"face-1664-1-Go.png","surprise","surprise","neutral"
"face-1668-3-Go.png","disgust","neutral","neutral"
"face-1671-3-Go.png","anger","neutral","neutral"
"face-1673-1-Go.png",NA,"neutral","neutral"
"face-1674-3-Go.png","disgust","neutral","neutral"
"face-1675-4-Go.png","fear","neutral","neutral"
"face-1676-1-Go.png",NA,"neutral","neutral"
"face-1682-1-Go.png",NA,NA,"neutral"
"face-4-2-Go.png",NA,NA,"neutral"
"face-5-1-Go.png",NA,NA,"neutral"
"face-7-1-Go.png",NA,NA,"neutral"
"face-8-2-Go.png",NA,NA,"neutral"
"face-9-1-Go.png","disgust",NA,"neutral"
"face-10-1-Go.png",NA,NA,"happiness"
"face-12-1-Go.png",NA,NA,"neutral"
"face-13-1-Go.png",NA,NA,"neutral"
"face-14-1-Go.png",NA,NA,"neutral"
"face-16-1-Go.png","disgust","neutral","happiness"
"face-17-1-Go.png",NA,NA,"neutral"
"face-18-1-Go.png",NA,NA,"neutral"
"face-19-1-Go.png",NA,NA,"neutral"
"face-20-1-Go.png",NA,NA,NA
"face-28-1-Go.png",NA,NA,"neutral"
"face-32-1-Go.png",NA,NA,"neutral"
"face-45-3-Go.png","disgust","happiness","happiness"
"face-46-1-Go.png",NA,NA,"neutral"
"face-47-1-Go.png",NA,NA,"neutral"
"face-66-1-Go.png","sadness",NA,"neutral"
"face-68-1-Go.png","fear","surprise","neutral"
"face-69-2-Go.png",NA,NA,"neutral"
"face-70-1-Go.png","surprise","neutral","neutral"
"face-73-2-Go.png",NA,"neutral","neutral"
"face-76-1-Go.png","fear","happiness","happiness"
"face-100-1-Go.png",NA,"neutral","neutral"
"face-103-1-Go.png","sadness","surprise","neutral"
"face-105-1-Go.png",NA,NA,"neutral"
"face-106-1-Go.png","sadness","neutral","neutral"
"face-107-1-Go.png","sadness","happiness","neutral"
"face-108-1-Go.png",NA,"neutral","neutral"
"face-110-1-Go.png",NA,"neutral","neutral"
"face-112-1-Go.png","anger","neutral","neutral"
"face-113-2-Go.png","sadness","neutral","neutral"
"face-114-1-Go.png","disgust","neutral","neutral"
"face-117-4-Go.png",NA,"neutral","neutral"
"face-118-3-Go.png","anger","neutral","neutral"
"face-119-1-Go.png",NA,NA,"neutral"
"face-123-1-Go.png",NA,NA,"neutral"
"face-128-1-Go.png","anger","neutral","neutral"
"face-139-1-Go.png","surprise","neutral","neutral"
"face-142-1-Go.png","sadness","neutral","neutral"
"face-144-1-Go.png","surprise","neutral","neutral"
"face-147-1-Go.png","disgust","neutral","neutral"
"face-148-1-Go.png","disgust","neutral","neutral"
"face-149-1-Go.png","surprise","surprise","neutral"
"face-164-1-Go.png",NA,NA,"neutral"
"face-170-2-Go.png",NA,"neutral","neutral"
"face-192-1-Go.png",NA,NA,"neutral"
"face-193-1-Go.png",NA,NA,"neutral"
"face-195-1-Go.png",NA,NA,"neutral"
"face-199-1-Go.png",NA,NA,"neutral"
"face-200-1-Go.png",NA,NA,"happiness"
"face-201-1-Go.png",NA,NA,"happiness"
"face-202-1-Go.png",NA,NA,"neutral"
"face-209-4-Go.png","sadness","neutral","neutral"
"face-211-1-Go.png","disgust","neutral","neutral"
"face-212-1-Go.png",NA,"neutral","neutral"
"face-216-1-Go.png",NA,NA,"neutral"
"face-218-1-Go.png",NA,NA,"neutral"
"face-219-1-Go.png",NA,NA,"neutral"
"face-220-1-Go.png",NA,NA,"neutral"
"face-222-1-Go.png",NA,NA,"neutral"
"face-223-1-Go.png",NA,NA,"neutral"
"face-224-3-Go.png","sadness","neutral",NA
"face-225-2-Go.png",NA,"disgust","happiness"
"face-231-1-Go.png","anger","neutral","neutral"
"face-237-1-Go.png",NA,"neutral","neutral"
"face-238-1-Go.png","disgust","neutral","neutral"
"face-240-1-Go.png","disgust","neutral","neutral"
"face-241-1-Go.png","anger","neutral","neutral"
"face-244-1-Go.png","surprise","neutral","neutral"
"face-248-3-Go.png","anger","neutral","neutral"
"face-249-4-Go.png","anger","neutral","neutral"
"face-250-1-Go.png","surprise","neutral","neutral"
"face-251-1-Go.png","fear","neutral","neutral"
"face-253-1-Go.png","fear","surprise","neutral"
"face-256-1-Go.png","disgust",NA,"neutral"
"face-261-1-Go.png",NA,NA,"neutral"
"face-264-1-Go.png",NA,NA,"neutral"
"face-274-1-Go.png","surprise","neutral","neutral"
"face-277-3-Go.png",NA,NA,"neutral"
"face-278-1-Go.png",NA,NA,"neutral"
"face-279-1-Go.png",NA,"neutral","neutral"
"face-294-1-Go.png",NA,"neutral","neutral"
"face-295-1-Go.png","fear","neutral","neutral"
"face-296-1-Go.png","surprise","neutral","neutral"
"face-297-1-Go.png","surprise","neutral","neutral"
"face-304-6-Go.png","surprise","neutral","neutral"
"face-305-1-Go.png","surprise","neutral","neutral"
"face-310-1-Go.png","sadness","neutral","neutral"
"face-311-1-Go.png","surprise","neutral","neutral"
"face-312-3-Go.png","disgust",NA,"neutral"
"face-314-1-Go.png",NA,NA,"neutral"
"face-315-1-Go.png",NA,NA,"neutral"
"face-316-1-Go.png",NA,NA,"neutral"
"face-317-1-Go.png",NA,NA,"neutral"
"face-319-2-Go.png","sadness","neutral","neutral"
"face-398-2-Go.png","anger","surprise","neutral"
"face-399-1-Go.png","surprise","neutral","neutral"
"face-400-1-Go.png","anger","neutral","neutral"
"face-404-1-Go.png",NA,"neutral","neutral"
"face-410-1-Go.png",NA,"neutral","neutral"
"face-411-1-Go.png","anger","neutral","neutral"
"face-412-1-Go.png","fear","neutral","neutral"
"face-645-1-Go.png",NA,NA,"happiness"
"face-647-1-Go.png",NA,NA,"neutral"
"face-675-1-Go.png","disgust","neutral","neutral"
"face-676-1-Go.png","surprise",NA,"neutral"
"face-680-1-Go.png",NA,NA,"neutral"
"face-681-1-Go.png",NA,NA,"neutral"
"face-682-1-Go.png",NA,NA,"neutral"
"face-685-1-Go.png","surprise","neutral","neutral"
"face-686-1-Go.png",NA,NA,"neutral"
"face-687-1-Go.png",NA,NA,"neutral"
"face-688-1-Go.png",NA,NA,"neutral"
"face-689-1-Go.png","surprise","neutral","neutral"
"face-690-2-Go.png","surprise",NA,"neutral"
"face-692-1-Go.png",NA,NA,"neutral"
"face-693-1-Go.png",NA,NA,"neutral"
"face-698-1-Go.png",NA,NA,"neutral"
"face-1214-2-Go.png","disgust",NA,"neutral"
"face-1215-3-Go.png",NA,"neutral","neutral"
"face-1217-1-Go.png",NA,NA,"neutral"
"face-1218-2-Go.png",NA,"neutral","neutral"
"face-1231-1-Go.png",NA,NA,"neutral"
"face-1232-1-Go.png","disgust","neutral","neutral"
"face-1478-1-Go.png","fear","neutral","neutral"
"face-1479-1-Go.png",NA,NA,"happiness"
"face-1480-1-Go.png",NA,NA,"neutral"
"face-1481-1-Go.png",NA,NA,"neutral"
"face-1485-1-Go.png",NA,"neutral","neutral"
"face-1486-2-Go.png",NA,NA,"neutral"
"face-1487-4-Go.png",NA,NA,"neutral"
"face-1488-1-Go.png","disgust","neutral","neutral"
"face-1491-1-Go.png","disgust","neutral","neutral"
"face-1492-1-Go.png",NA,NA,"neutral"
"face-1495-2-Go.png",NA,NA,"neutral"
"face-1497-1-Go.png","fear","neutral","neutral"
"face-1499-2-Go.png",NA,NA,"neutral"
"face-1502-1-Go.png",NA,NA,"neutral"
"face-1504-1-Go.png",NA,NA,"happiness"
"face-1566-1-Go.png",NA,"neutral","happiness"
"face-1567-1-Go.png",NA,NA,"neutral"
"face-1572-1-Go.png","surprise","neutral","neutral"
"face-1573-1-Go.png","surprise","neutral","neutral"
"face-1574-1-Go.png",NA,NA,"neutral"
"face-1575-1-Go.png","surprise",NA,"neutral"
"face-1576-1-Go.png",NA,NA,"neutral"
"face-1577-1-Go.png","surprise","neutral","neutral"
"face-1578-1-Go.png",NA,"neutral","happiness"
"face-1579-1-Go.png",NA,"neutral","neutral"
"face-1580-1-Go.png",NA,"neutral","neutral"
"face-355-1-Go.png","disgust","neutral","neutral"
"face-358-1-Go.png",NA,NA,"neutral"
"face-371-3-Go.png","surprise","neutral","neutral"
"face-373-8-Go.png","sadness","neutral","neutral"
"face-374-4-Go.png",NA,NA,"neutral"
"face-375-1-Go.png",NA,NA,"neutral"
"face-376-1-Go.png",NA,NA,"neutral"
"face-377-3-Go.png","anger","neutral","neutral"
"face-378-1-Go.png",NA,"neutral","neutral"
"face-380-1-Go.png",NA,NA,"neutral"
"face-381-1-Go.png","anger","neutral","neutral"
"face-382-1-Go.png","sadness","neutral","neutral"
"face-383-1-Go.png",NA,NA,"neutral"
"face-384-1-Go.png","surprise","neutral","neutral"
"face-385-1-Go.png",NA,NA,"neutral"
"face-386-1-Go.png","anger","neutral","neutral"
"face-387-1-Go.png","anger","neutral","neutral"
"face-388-1-Go.png","anger","neutral","neutral"
"face-389-1-Go.png","surprise","neutral","neutral"
"face-390-1-Go.png",NA,NA,"neutral"
"face-519-1-Go.png",NA,NA,"neutral"
"face-521-2-Go.png",NA,NA,"happiness"
"face-699-4-Go.png","fear","neutral","neutral"
"face-713-1-Go.png",NA,NA,"neutral"
"face-720-2-Go.png","surprise",NA,"neutral"
"face-721-1-Go.png","fear","neutral","neutral"
"face-722-1-Go.png",NA,NA,"neutral"
"face-723-1-Go.png","fear","neutral","neutral"
"face-724-1-Go.png","fear","neutral","neutral"
"face-725-1-Go.png","fear","surprise","neutral"
"face-726-1-Go.png","fear","neutral","neutral"
"face-727-1-Go.png","disgust","neutral","neutral"
"face-728-1-Go.png","disgust","neutral","neutral"
"face-729-1-Go.png","surprise","neutral","neutral"
"face-730-1-Go.png","fear","anger","neutral"
"face-731-1-Go.png","fear","surprise",NA
"face-732-1-Go.png","fear","neutral",NA
"face-777-1-Go.png",NA,NA,"neutral"
"face-779-1-Go.png",NA,"neutral","neutral"
"face-781-1-Go.png","disgust","neutral","neutral"
"face-806-1-Go.png","fear","neutral","anger"
"face-807-1-Go.png","sadness","neutral","anger"
"face-810-2-Go.png","surprise",NA,"neutral"
"face-813-1-Go.png","disgust",NA,"neutral"
"face-816-1-Go.png","anger","neutral","anger"
"face-820-1-Go.png",NA,NA,"neutral"
"face-824-1-Go.png","surprise","neutral","neutral"
"face-825-1-Go.png","disgust",NA,"neutral"
"face-826-1-Go.png",NA,NA,"neutral"
"face-830-1-Go.png","disgust","neutral","neutral"
"face-831-1-Go.png","anger","neutral","anger"
"face-832-1-Go.png","sadness","neutral","anger"
"face-833-1-Go.png","anger","neutral","anger"
"face-835-1-Go.png",NA,NA,"neutral"
"face-836-1-Go.png",NA,NA,"neutral"
"face-839-1-Go.png","anger","neutral","neutral"
"face-840-1-Go.png","disgust","neutral","anger"
"face-842-1-Go.png",NA,NA,"neutral"
"face-843-1-Go.png",NA,NA,"neutral"
"face-844-1-Go.png",NA,NA,"neutral"
"face-847-1-Go.png",NA,NA,"neutral"
"face-897-2-Go.png","surprise","neutral","neutral"
"face-898-1-Go.png","disgust","neutral","neutral"
"face-902-1-Go.png",NA,NA,"neutral"
"face-903-2-Go.png","surprise",NA,"neutral"
"face-904-2-Go.png",NA,NA,"neutral"
"face-905-2-Go.png","disgust",NA,"neutral"
"face-910-1-Go.png","disgust","neutral","neutral"
"face-911-1-Go.png",NA,NA,"happiness"
"face-913-2-Go.png","anger","neutral","neutral"
"face-923-1-Go.png","sadness",NA,"neutral"
"face-930-1-Go.png",NA,NA,"neutral"
"face-933-3-Go.png","surprise","neutral","neutral"
"face-935-1-Go.png","anger","neutral","neutral"
"face-936-5-Go.png","anger","neutral","neutral"
"face-940-1-Go.png",NA,NA,"neutral"
"face-943-1-Go.png",NA,NA,"neutral"
"face-944-1-Go.png","sadness","sadness","neutral"
"face-945-1-Go.png","disgust","sadness","neutral"
"face-946-1-Go.png","anger","sadness","neutral"
"face-947-1-Go.png","sadness","sadness",NA
"face-955-3-Go.png","surprise","neutral","neutral"
"face-956-1-Go.png",NA,NA,"neutral"
"face-959-2-Go.png","anger","neutral","neutral"
"face-960-3-Go.png",NA,"neutral","neutral"
"face-961-2-Go.png",NA,NA,"neutral"
"face-963-1-Go.png",NA,NA,"neutral"
"face-966-5-Go.png","surprise","neutral","neutral"
"face-967-3-Go.png","sadness","neutral",NA
"face-1062-3-Go.png","fear","neutral","neutral"
"face-1063-1-Go.png",NA,NA,"neutral"
"face-1095-1-Go.png",NA,NA,"neutral"
"face-1096-1-Go.png",NA,NA,"neutral"
"face-1097-1-Go.png","anger","neutral","neutral"
"face-1099-2-Go.png","sadness",NA,"neutral"
"face-1100-1-Go.png",NA,NA,"neutral"
"face-1109-3-Go.png","anger","neutral",NA
"face-1117-5-Go.png",NA,NA,"happiness"
"face-1118-1-Go.png","sadness","neutral","neutral"
"face-1119-2-Go.png",NA,NA,"neutral"
"face-1120-1-Go.png",NA,NA,"neutral"
"face-1121-2-Go.png",NA,"neutral","neutral"
"face-1122-1-Go.png",NA,NA,"neutral"
"face-1123-3-Go.png","surprise","neutral","neutral"
"face-1125-6-Go.png",NA,"neutral","neutral"
"face-1126-5-Go.png",NA,NA,"neutral"
"face-1132-1-Go.png",NA,NA,"neutral"
"face-1133-1-Go.png","surprise",NA,"neutral"
"face-1134-1-Go.png",NA,NA,"neutral"
"face-1135-1-Go.png",NA,NA,"neutral"
"face-1138-1-Go.png","anger","neutral","neutral"
"face-1139-1-Go.png","anger","neutral","neutral"
"face-1143-1-Go.png","anger","neutral","neutral"
"face-1144-2-Go.png",NA,"neutral","neutral"
"face-1145-1-Go.png",NA,NA,"neutral"
"face-1146-1-Go.png",NA,NA,"neutral"
"face-1148-1-Go.png",NA,NA,"neutral"
"face-1157-1-Go.png","disgust","neutral","neutral"
"face-1158-1-Go.png",NA,NA,"neutral"
"face-1159-1-Go.png",NA,NA,"neutral"
"face-1162-2-Go.png",NA,"neutral","neutral"
"face-1194-3-Go.png",NA,NA,"neutral"
"face-1195-1-Go.png","fear","neutral","neutral"
"face-1207-1-Go.png","sadness","neutral","neutral"
"face-1233-1-Go.png","fear","neutral","neutral"
"face-1234-1-Go.png","fear","neutral","neutral"
"face-1235-1-Go.png","fear","neutral","neutral"
"face-1245-1-Go.png",NA,NA,NA
"face-1246-1-Go.png","surprise","neutral","neutral"
"face-1250-1-Go.png",NA,NA,"neutral"
"face-1251-1-Go.png",NA,NA,"neutral"
"face-1281-1-Go.png","fear","neutral","neutral"
"face-1282-1-Go.png","surprise","neutral","neutral"
"face-1283-1-Go.png",NA,NA,"neutral"
"face-1313-3-Go.png","disgust","neutral","neutral"
"face-1315-1-Go.png","surprise","neutral",NA
"face-1316-1-Go.png",NA,NA,NA
"face-1318-2-Go.png",NA,NA,"neutral"
"face-1321-3-Go.png","fear","neutral","neutral"
"face-1322-3-Go.png","anger","neutral","neutral"
"face-1332-3-Go.png","fear","neutral","neutral"
"face-1333-3-Go.png","anger","neutral","neutral"
"face-1334-3-Go.png","anger","neutral","neutral"
"face-1349-2-Go.png",NA,"neutral","neutral"
"face-1350-4-Go.png",NA,"neutral","neutral"
"face-1353-1-Go.png","disgust","neutral",NA
"face-1354-1-Go.png",NA,NA,"neutral"
"face-1355-1-Go.png","disgust","neutral",NA
"face-1357-1-Go.png","disgust","neutral","neutral"
"face-1362-1-Go.png","anger","neutral","neutral"
"face-1364-1-Go.png",NA,NA,"neutral"
"face-1366-1-Go.png","anger","neutral","neutral"
"face-1368-1-Go.png","disgust","neutral","neutral"
"face-1369-1-Go.png","fear","neutral","neutral"
"face-1370-1-Go.png",NA,NA,"neutral"
"face-1372-1-Go.png","disgust","neutral","neutral"
"face-1373-1-Go.png","disgust","neutral","neutral"
"face-1374-1-Go.png",NA,NA,"neutral"
"face-1376-3-Go.png","anger","neutral","neutral"
"face-1379-1-Go.png",NA,NA,"neutral"
"face-1380-1-Go.png","neutral","neutral","neutral"
"face-1381-2-Go.png",NA,NA,"neutral"
"face-1432-1-Go.png",NA,NA,"neutral"
"face-1455-1-Go.png",NA,NA,"neutral"
"face-1464-1-Go.png","sadness","neutral",NA
"face-1466-1-Go.png",NA,NA,"neutral"
"face-1467-1-Go.png","anger","neutral","neutral"
"face-1468-1-Go.png",NA,NA,"neutral"
"face-1469-2-Go.png","anger","neutral","neutral"
"face-1470-1-Go.png",NA,NA,"neutral"
"face-1471-1-Go.png","anger","neutral","neutral"
"face-1472-3-Go.png","disgust","neutral","neutral"
"face-1662-1-Go.png",NA,NA,"neutral"
"face-1663-3-Go.png",NA,"neutral","neutral"
"face-1665-2-Go.png","anger",NA,"anger"
"face-1666-1-Go.png","anger","neutral","neutral"
"face-1667-1-Go.png","anger","neutral","neutral"
"face-1669-1-Go.png",NA,NA,"neutral"
"face-1670-2-Go.png",NA,"neutral","neutral"
"face-1678-3-Go.png",NA,"neutral","neutral"
"face-1679-1-Go.png",NA,NA,"neutral"
"face-1680-2-Go.png",NA,"neutral","neutral"
"face-2-2-Go.png",NA,"neutral","neutral"
"face-3-1-Go.png",NA,NA,"neutral"
"face-22-1-Go.png",NA,NA,"happiness"
"face-27-1-Go.png",NA,NA,NA
"face-30-1-Go.png",NA,NA,"neutral"
"face-33-1-Go.png",NA,NA,"neutral"
"face-34-1-Go.png",NA,"surprise","neutral"
"face-36-1-Go.png",NA,NA,"happiness"
"face-37-1-Go.png",NA,NA,"happiness"
"face-38-1-Go.png",NA,NA,"neutral"
"face-39-2-Go.png",NA,NA,"happiness"
"face-40-2-Go.png","surprise",NA,"neutral"
"face-41-1-Go.png",NA,NA,"neutral"
"face-42-2-Go.png",NA,NA,"neutral"
"face-43-1-Go.png",NA,"neutral","neutral"
"face-44-1-Go.png","surprise","neutral","neutral"
"face-49-1-Go.png","anger","neutral","neutral"
"face-50-1-Go.png","anger","neutral","neutral"
"face-64-2-Go.png",NA,"neutral","neutral"
"face-73-1-Go.png","surprise","happiness","happiness"
"face-74-1-Go.png",NA,NA,"neutral"
"face-75-1-Go.png","anger","neutral","happiness"
"face-77-3-Go.png","surprise","neutral","neutral"
"face-90-3-Go.png","anger",NA,"neutral"
"face-91-1-Go.png","anger","neutral","neutral"
"face-92-2-Go.png",NA,NA,"happiness"
"face-95-1-Go.png","anger","disgust","happiness"
"face-96-1-Go.png","disgust","neutral","happiness"
"face-97-1-Go.png","surprise","surprise","neutral"
"face-98-1-Go.png","anger","neutral","neutral"
"face-99-1-Go.png","sadness","neutral","neutral"
"face-121-1-Go.png","anger","neutral","sadness"
"face-122-2-Go.png","anger",NA,"neutral"
"face-124-1-Go.png","surprise",NA,"neutral"
"face-125-1-Go.png",NA,NA,"neutral"
"face-126-1-Go.png","anger","happiness","neutral"
"face-137-1-Go.png","sadness","neutral","neutral"
"face-138-1-Go.png","anger","neutral","neutral"
"face-140-1-Go.png",NA,NA,"neutral"
"face-150-1-Go.png","anger","neutral","anger"
"face-151-1-Go.png","anger","neutral","happiness"
"face-152-1-Go.png","disgust","neutral","anger"
"face-153-1-Go.png","surprise","neutral","neutral"
"face-156-1-Go.png","happiness","neutral","happiness"
"face-157-1-Go.png","anger","neutral","sadness"
"face-158-1-Go.png",NA,NA,"neutral"
"face-159-1-Go.png",NA,NA,"neutral"
"face-165-1-Go.png",NA,"neutral","neutral"
"face-166-3-Go.png","surprise","surprise","neutral"
"face-167-1-Go.png",NA,"neutral","neutral"
"face-168-3-Go.png",NA,"surprise","neutral"
"face-171-1-Go.png","surprise","surprise","neutral"
"face-172-4-Go.png","disgust","surprise","neutral"
"face-174-1-Go.png","surprise","surprise","neutral"
"face-175-3-Go.png","disgust","neutral","neutral"
"face-176-1-Go.png","surprise","neutral","neutral"
"face-177-2-Go.png","surprise","surprise","neutral"
"face-179-1-Go.png",NA,NA,"neutral"
"face-180-2-Go.png",NA,"surprise","neutral"
"face-181-1-Go.png",NA,"neutral","neutral"
"face-182-2-Go.png",NA,NA,"neutral"
"face-183-1-Go.png",NA,NA,"neutral"
"face-188-1-Go.png",NA,NA,"neutral"
"face-196-1-Go.png",NA,NA,"neutral"
"face-197-1-Go.png",NA,NA,"neutral"
"face-203-3-Go.png",NA,"neutral","neutral"
"face-206-1-Go.png",NA,"neutral","neutral"
"face-207-1-Go.png",NA,NA,"neutral"
"face-210-2-Go.png",NA,"neutral","neutral"
"face-213-1-Go.png",NA,NA,"neutral"
"face-215-1-Go.png",NA,NA,"neutral"
"face-226-1-Go.png",NA,NA,"neutral"
"face-227-2-Go.png",NA,NA,"neutral"
"face-228-2-Go.png","anger",NA,"neutral"
"face-229-1-Go.png","anger","neutral","neutral"
"face-230-6-Go.png","surprise","neutral","neutral"
"face-233-3-Go.png",NA,"neutral","neutral"
"face-234-3-Go.png","sadness","neutral","neutral"
"face-235-1-Go.png","fear","neutral","neutral"
"face-236-1-Go.png","fear","neutral","neutral"
"face-242-2-Go.png",NA,NA,"neutral"
"face-243-2-Go.png",NA,NA,"neutral"
"face-245-3-Go.png","disgust","neutral","neutral"
"face-246-1-Go.png","fear","neutral","neutral"
"face-247-1-Go.png",NA,NA,"neutral"
"face-252-5-Go.png","surprise","anger","neutral"
"face-255-2-Go.png","anger","neutral","neutral"
"face-258-1-Go.png",NA,NA,"neutral"
"face-262-1-Go.png",NA,NA,"happiness"
"face-266-1-Go.png",NA,NA,"neutral"
"face-271-2-Go.png",NA,NA,"happiness"
"face-272-1-Go.png",NA,NA,"neutral"
"face-273-1-Go.png",NA,"neutral","neutral"
"face-298-1-Go.png",NA,NA,"neutral"
"face-299-1-Go.png","anger","neutral","neutral"
"face-300-1-Go.png","surprise","neutral","neutral"
"face-301-1-Go.png",NA,NA,"neutral"
"face-302-3-Go.png",NA,"neutral","neutral"
"face-303-1-Go.png",NA,NA,"neutral"
"face-401-2-Go.png",NA,"neutral","neutral"
"face-402-1-Go.png","surprise","neutral","neutral"
"face-403-1-Go.png","disgust","neutral","neutral"
"face-405-3-Go.png","anger","neutral","neutral"
"face-406-4-Go.png","surprise","neutral","neutral"
"face-407-5-Go.png",NA,NA,"neutral"
"face-408-1-Go.png","anger","neutral","neutral"
"face-409-1-Go.png","sadness","neutral","neutral"
"face-413-1-Go.png","surprise","neutral","neutral"
"face-414-1-Go.png","fear","neutral","neutral"
"face-475-1-Go.png","disgust","neutral","neutral"
"face-487-1-Go.png","surprise","neutral","neutral"
"face-650-1-Go.png",NA,"neutral","neutral"
"face-1219-1-Go.png",NA,NA,"neutral"
"face-1220-3-Go.png","anger","neutral","neutral"
"face-1222-1-Go.png",NA,NA,"neutral"
"face-1223-1-Go.png",NA,NA,"happiness"
"face-1230-1-Go.png","disgust","neutral","neutral"
"face-1473-2-Go.png","surprise",NA,"neutral"
"face-1474-3-Go.png","fear","neutral","neutral"
"face-1475-3-Go.png","fear","neutral","neutral"
"face-1476-2-Go.png",NA,"neutral","neutral"
"face-1477-1-Go.png",NA,NA,"neutral"
"face-1482-3-Go.png","disgust","neutral","neutral"
"face-1489-1-Go.png",NA,NA,"neutral"
"face-1494-1-Go.png",NA,NA,"neutral"
"face-1498-1-Go.png",NA,NA,"neutral"
"face-1503-3-Go.png","surprise","neutral","neutral"
"face-1505-1-Go.png",NA,NA,"happiness"
"face-1506-1-Go.png",NA,NA,"neutral"
"face-1508-1-Go.png",NA,"neutral","neutral"
"face-1563-1-Go.png",NA,NA,"happiness"
"face-1564-1-Go.png",NA,NA,"neutral"
"face-1565-2-Go.png","anger","neutral","neutral"
"face-1568-1-Go.png",NA,"neutral","neutral"
"face-1569-2-Go.png",NA,NA,"neutral"
"face-59-1-Go.png","disgust",NA,"neutral"
"face-132-1-Go.png",NA,"neutral","neutral"
"face-133-1-Go.png","surprise","neutral","neutral"
"face-134-1-Go.png","surprise","neutral","neutral"
"face-135-1-Go.png","fear","neutral","neutral"
"face-136-3-Go.png","sadness","neutral","neutral"
"face-160-1-Go.png",NA,NA,"neutral"
"face-162-1-Go.png",NA,NA,"neutral"
"face-325-1-Go.png","sadness","neutral","neutral"
"face-326-1-Go.png","sadness","neutral","neutral"
"face-327-1-Go.png","sadness","neutral","neutral"
"face-328-1-Go.png","sadness","neutral",NA
"face-329-1-Go.png","sadness","neutral","neutral"
"face-330-1-Go.png",NA,NA,"neutral"
"face-331-4-Go.png","sadness","neutral","neutral"
"face-332-5-Go.png","surprise","neutral","neutral"
"face-334-1-Go.png",NA,NA,"neutral"
"face-335-3-Go.png","fear","neutral","neutral"
"face-337-2-Go.png","fear",NA,"neutral"
"face-338-2-Go.png",NA,NA,"neutral"
"face-339-1-Go.png",NA,NA,"neutral"
"face-340-1-Go.png",NA,NA,"neutral"
"face-341-1-Go.png",NA,NA,"neutral"
"face-342-1-Go.png",NA,NA,"neutral"
"face-343-1-Go.png",NA,NA,"neutral"
"face-346-1-Go.png",NA,NA,"neutral"
"face-348-1-Go.png",NA,"neutral","neutral"
"face-349-1-Go.png",NA,NA,"neutral"
"face-351-1-Go.png","fear","neutral","neutral"
"face-392-1-Go.png",NA,NA,"neutral"
"face-395-1-Go.png","disgust","surprise","neutral"
"face-397-1-Go.png","surprise","surprise","neutral"
"face-415-1-Go.png","disgust","neutral","neutral"
"face-416-1-Go.png",NA,NA,NA
"face-417-1-Go.png",NA,"neutral","neutral"
"face-418-1-Go.png",NA,"surprise","neutral"
"face-419-1-Go.png",NA,"neutral","neutral"
"face-422-1-Go.png",NA,NA,"neutral"
"face-424-1-Go.png",NA,NA,"neutral"
"face-425-1-Go.png",NA,"neutral","neutral"
"face-426-1-Go.png",NA,NA,NA
"face-431-2-Go.png",NA,NA,"happiness"
"face-444-1-Go.png","disgust","surprise",NA
"face-449-1-Go.png",NA,NA,"neutral"
"face-450-1-Go.png","sadness","neutral","neutral"
"face-456-1-Go.png","sadness","neutral","neutral"
"face-459-1-Go.png",NA,NA,NA
"face-460-1-Go.png","sadness","happiness","neutral"
"face-463-1-Go.png","sadness","neutral","neutral"
"face-464-1-Go.png","sadness","neutral","neutral"
"face-488-2-Go.png",NA,"neutral","neutral"
"face-491-1-Go.png",NA,NA,"neutral"
"face-492-1-Go.png",NA,NA,"neutral"
"face-497-1-Go.png","disgust","neutral","neutral"
"face-500-1-Go.png",NA,NA,"neutral"
"face-503-1-Go.png","surprise","neutral","neutral"
"face-504-1-Go.png",NA,NA,"neutral"
"face-506-1-Go.png","disgust","neutral","neutral"
"face-507-1-Go.png",NA,NA,"neutral"
"face-508-1-Go.png",NA,NA,"neutral"
"face-561-1-Go.png",NA,NA,"neutral"
"face-565-1-Go.png","surprise",NA,"neutral"
"face-566-1-Go.png",NA,NA,"neutral"
"face-583-1-Go.png","fear","neutral","neutral"
"face-586-1-Go.png",NA,NA,"neutral"
"face-593-1-Go.png",NA,"neutral","neutral"
"face-609-1-Go.png",NA,"neutral","happiness"
"face-611-1-Go.png",NA,NA,"happiness"
"face-626-1-Go.png",NA,NA,"neutral"
"face-633-1-Go.png",NA,"neutral",NA
"face-736-1-Go.png",NA,NA,"neutral"
"face-737-1-Go.png",NA,NA,"neutral"
"face-738-1-Go.png","anger",NA,"neutral"
"face-739-3-Go.png","anger","neutral","neutral"
"face-749-2-Go.png",NA,"neutral","neutral"
"face-750-2-Go.png",NA,"neutral","neutral"
"face-752-3-Go.png",NA,"neutral","neutral"
"face-754-1-Go.png",NA,NA,"neutral"
"face-759-1-Go.png",NA,NA,"neutral"
"face-762-1-Go.png","anger","neutral","neutral"
"face-763-1-Go.png","surprise","neutral","neutral"
"face-790-1-Go.png","sadness","neutral","neutral"
"face-792-2-Go.png","surprise","neutral","neutral"
"face-793-1-Go.png","disgust","neutral","neutral"
"face-794-3-Go.png",NA,"neutral","neutral"
"face-795-1-Go.png","anger","neutral","neutral"
"face-801-1-Go.png","anger","neutral","neutral"
"face-802-1-Go.png","sadness","neutral","neutral"
"face-803-1-Go.png","fear","neutral","neutral"
"face-853-2-Go.png","anger","neutral","neutral"
"face-854-1-Go.png","anger","neutral",NA
"face-855-1-Go.png",NA,NA,"neutral"
"face-856-2-Go.png",NA,NA,"neutral"
"face-859-1-Go.png",NA,"neutral","neutral"
"face-880-1-Go.png","surprise",NA,"neutral"
"face-881-1-Go.png","fear","neutral","neutral"
"face-882-1-Go.png","disgust","neutral",NA
"face-883-1-Go.png","disgust","neutral","neutral"
"face-886-1-Go.png",NA,NA,"neutral"
"face-888-1-Go.png","fear","neutral","neutral"
"face-889-1-Go.png","fear",NA,"neutral"
"face-890-1-Go.png",NA,NA,"neutral"
"face-950-1-Go.png","surprise","neutral","neutral"
"face-995-2-Go.png",NA,"neutral","neutral"
"face-1003-1-Go.png",NA,NA,"neutral"
"face-1007-2-Go.png",NA,NA,"neutral"
"face-1009-1-Go.png","disgust","happiness","happiness"
"face-1010-1-Go.png","surprise","neutral","neutral"
"face-1021-1-Go.png",NA,NA,"neutral"
"face-1024-1-Go.png",NA,NA,"neutral"
"face-1029-1-Go.png",NA,NA,"neutral"
"face-1030-1-Go.png",NA,NA,NA
"face-1031-1-Go.png","fear","neutral","neutral"
"face-1032-2-Go.png","surprise",NA,"neutral"
"face-1035-1-Go.png","neutral","neutral","neutral"
"face-1036-1-Go.png","anger","neutral","neutral"
"face-1037-1-Go.png",NA,NA,"happiness"
"face-1038-1-Go.png",NA,NA,"neutral"
"face-1039-1-Go.png",NA,"neutral","neutral"
"face-1041-3-Go.png","anger","neutral","neutral"
"face-1042-2-Go.png","anger",NA,"neutral"
"face-1067-1-Go.png",NA,NA,"neutral"
"face-1068-1-Go.png",NA,NA,"neutral"
"face-1070-1-Go.png",NA,"neutral",NA
"face-1072-1-Go.png","anger",NA,"neutral"
"face-1073-1-Go.png","anger",NA,"neutral"
"face-1076-2-Go.png",NA,NA,"neutral"
"face-1080-1-Go.png","sadness","neutral",NA
"face-1081-1-Go.png","surprise","neutral","neutral"
"face-1083-1-Go.png",NA,NA,"neutral"
"face-1084-1-Go.png",NA,NA,"neutral"
"face-1165-1-Go.png",NA,NA,"neutral"
"face-1166-1-Go.png",NA,NA,"neutral"
"face-1167-1-Go.png",NA,NA,"neutral"
"face-1170-1-Go.png","disgust","neutral","neutral"
"face-1171-1-Go.png",NA,NA,"neutral"
"face-1172-1-Go.png",NA,"neutral","neutral"
"face-1173-1-Go.png","fear","neutral","neutral"
"face-1174-1-Go.png",NA,NA,"neutral"
"face-1175-6-Go.png","disgust","neutral","neutral"
"face-1178-2-Go.png","anger",NA,"neutral"
"face-1179-3-Go.png","disgust","neutral","neutral"
"face-1180-1-Go.png","sadness","neutral","neutral"
"face-1182-1-Go.png",NA,NA,"neutral"
"face-1183-1-Go.png",NA,NA,"neutral"
"face-1184-1-Go.png",NA,NA,"neutral"
"face-1185-1-Go.png",NA,NA,"neutral"
"face-1186-1-Go.png",NA,NA,"neutral"
"face-1188-2-Go.png",NA,"neutral","neutral"
"face-1189-1-Go.png",NA,NA,"neutral"
"face-1190-1-Go.png",NA,NA,"neutral"
"face-1192-2-Go.png","sadness",NA,"neutral"
"face-1193-1-Go.png","disgust","neutral","neutral"
"face-1254-1-Go.png",NA,NA,"neutral"
"face-1256-1-Go.png","anger","neutral","neutral"
"face-1257-3-Go.png","anger","neutral","neutral"
"face-1259-2-Go.png",NA,"neutral","neutral"
"face-1260-1-Go.png","surprise","neutral","neutral"
"face-1261-1-Go.png","fear","neutral",NA
"face-1262-1-Go.png","disgust","neutral","neutral"
"face-1266-1-Go.png",NA,NA,"neutral"
"face-1267-1-Go.png","disgust","neutral","neutral"
"face-1268-2-Go.png","surprise",NA,"neutral"
"face-1269-2-Go.png","anger",NA,"happiness"
"face-1270-1-Go.png",NA,NA,"neutral"
"face-1289-1-Go.png",NA,"neutral","neutral"
"face-1296-1-Go.png","fear","neutral","neutral"
"face-1297-1-Go.png",NA,NA,"neutral"
"face-1298-1-Go.png","surprise",NA,NA
"face-1301-1-Go.png","surprise","neutral",NA
"face-1302-1-Go.png","disgust","neutral","neutral"
"face-1303-1-Go.png",NA,NA,"neutral"
"face-1304-11-Go.png",NA,NA,"happiness"
"face-1308-1-Go.png",NA,NA,"neutral"
"face-1309-1-Go.png",NA,NA,NA
"face-1310-1-Go.png",NA,"neutral","neutral"
"face-1311-3-Go.png",NA,"neutral","neutral"
"face-1340-2-Go.png",NA,NA,"neutral"
"face-1343-1-Go.png",NA,NA,"neutral"
"face-1345-1-Go.png","surprise","neutral","neutral"
"face-1346-1-Go.png",NA,NA,"neutral"
"face-1347-1-Go.png","surprise",NA,"neutral"
"face-1382-4-Go.png","sadness","neutral","neutral"
"face-1383-1-Go.png","sadness","surprise","neutral"
"face-1384-1-Go.png","anger","neutral","neutral"
"face-1385-1-Go.png","anger","neutral","neutral"
"face-1386-1-Go.png","anger","neutral","neutral"
"face-1387-2-Go.png",NA,NA,"neutral"
"face-1391-3-Go.png","disgust","neutral","neutral"
"face-1392-3-Go.png","disgust","neutral","neutral"
"face-1395-1-Go.png",NA,NA,"neutral"
"face-1396-3-Go.png","disgust","neutral","neutral"
"face-1397-1-Go.png","surprise","neutral","neutral"
"face-1398-1-Go.png","anger","neutral","neutral"
"face-1401-1-Go.png","fear","neutral","neutral"
"face-1402-1-Go.png","anger","neutral","neutral"
"face-1403-5-Go.png",NA,NA,"neutral"
"face-1404-1-Go.png","surprise","neutral","neutral"
"face-1405-2-Go.png","surprise",NA,"neutral"
"face-1406-2-Go.png",NA,NA,"neutral"
"face-1407-2-Go.png","disgust","neutral","neutral"
"face-1408-2-Go.png",NA,"neutral","neutral"
"face-1409-2-Go.png",NA,"neutral","neutral"
"face-1410-1-Go.png","sadness","neutral","neutral"
"face-1413-1-Go.png","anger",NA,"neutral"
"face-1414-1-Go.png","neutral","neutral","neutral"
"face-1415-1-Go.png","surprise","neutral","neutral"
"face-1416-1-Go.png","surprise","anger",NA
"face-1421-1-Go.png",NA,"neutral","neutral"
"face-1422-3-Go.png",NA,"neutral","neutral"
"face-1423-1-Go.png",NA,NA,"neutral"
"face-1428-1-Go.png","sadness","neutral","neutral"
"face-1429-1-Go.png","surprise","neutral","neutral"
"face-1509-1-Go.png",NA,NA,"neutral"
"face-1511-1-Go.png",NA,NA,"happiness"
"face-1512-1-Go.png",NA,"neutral","neutral"
"face-1514-1-Go.png",NA,"neutral","neutral"
"face-1515-1-Go.png",NA,NA,"neutral"
"face-1516-3-Go.png",NA,"neutral","neutral"
"face-1518-2-Go.png",NA,"neutral","neutral"
"face-1519-1-Go.png",NA,NA,"neutral"
"face-1523-1-Go.png",NA,NA,"happiness"
"face-1524-1-Go.png",NA,NA,"neutral"
"face-1527-1-Go.png","anger","neutral","neutral"
"face-1529-1-Go.png",NA,NA,"neutral"
"face-1530-1-Go.png",NA,NA,"neutral"
"face-1531-1-Go.png",NA,NA,"neutral"
"face-1536-1-Go.png","disgust","happiness","happiness"
"face-1537-1-Go.png",NA,NA,"neutral"
"face-1538-1-Go.png",NA,NA,"neutral"
"face-1539-1-Go.png","disgust","neutral","neutral"
"face-1540-3-Go.png","disgust","neutral","neutral"
"face-1542-2-Go.png",NA,NA,"neutral"
"face-1543-1-Go.png",NA,NA,"neutral"
"face-1544-1-Go.png",NA,NA,"neutral"
"face-1547-1-Go.png","sadness",NA,"neutral"
"face-1548-3-Go.png","anger","neutral","neutral"
"face-1549-3-Go.png",NA,NA,"neutral"
"face-1550-4-Go.png","anger","neutral","neutral"
"face-1552-1-Go.png","fear","neutral","neutral"
"face-1553-1-Go.png","disgust","neutral","neutral"
"face-1554-1-Go.png",NA,NA,"neutral"
"face-1555-1-Go.png",NA,NA,"neutral"
"face-1556-5-Go.png","anger","neutral","neutral"
"face-1557-3-Go.png","disgust","disgust","happiness"
"face-1558-3-Go.png",NA,"neutral","neutral"
"face-1559-4-Go.png","fear","neutral","neutral"
"face-1560-1-Go.png",NA,NA,"neutral"
"face-1561-3-Go.png","surprise",NA,"neutral"
"face-1561-2-Go.png",NA,NA,"neutral"
"face-1562-1-Go.png","anger","neutral","neutral"
"face-1581-1-Go.png",NA,NA,"neutral"
"face-1582-1-Go.png","surprise","neutral","neutral"
"face-1583-1-Go.png","surprise","neutral","neutral"
"face-1588-1-Go.png",NA,NA,"neutral"
"face-1600-1-Go.png",NA,NA,"neutral"
"face-1602-1-Go.png",NA,NA,NA
"face-1606-1-Go.png",NA,"anger","neutral"
"face-1607-1-Go.png",NA,NA,"neutral"
"face-1610-1-Go.png",NA,NA,"neutral"
"face-1611-1-Go.png",NA,NA,"neutral"
"face-1613-1-Go.png","anger","neutral","neutral"
"face-1614-1-Go.png",NA,NA,"neutral"
"face-1615-1-Go.png","disgust","neutral","neutral"
"face-1616-1-Go.png","anger","neutral","neutral"
"face-1617-1-Go.png","anger","neutral","neutral"
"face-1618-1-Go.png","anger","neutral","neutral"
"face-1620-1-Go.png",NA,"happiness","happiness"
"face-1622-1-Go.png",NA,NA,"neutral"
"face-1632-1-Go.png","surprise","surprise","neutral"
"face-1633-1-Go.png","surprise","neutral","neutral"
"face-1634-1-Go.png",NA,NA,"neutral"
"face-1635-1-Go.png","surprise","surprise","neutral"
"face-1636-1-Go.png","surprise","surprise","neutral"
"face-1637-1-Go.png",NA,NA,"neutral"
"face-1638-1-Go.png",NA,"neutral","neutral"
"face-1639-1-Go.png",NA,NA,"neutral"
"face-1640-1-Go.png",NA,"surprise","neutral"
"face-1641-1-Go.png",NA,NA,"neutral"
"face-1642-1-Go.png",NA,NA,"neutral"
"face-1643-1-Go.png",NA,"neutral","neutral"
"face-1644-1-Go.png",NA,"neutral","neutral"
"face-1645-2-Go.png",NA,NA,"neutral"
"face-1646-1-Go.png",NA,NA,"happiness"
"face-1647-1-Go.png",NA,NA,"happiness"
"face-1648-1-Go.png","sadness","neutral","neutral"
"face-1650-1-Go.png",NA,NA,"happiness"
"face-1651-1-Go.png",NA,NA,"neutral"
"face-1652-2-Go.png",NA,NA,"neutral"
"face-1653-1-Go.png",NA,NA,"neutral"
"face-1654-1-Go.png",NA,NA,"neutral"
"face-1655-2-Go.png",NA,"happiness","neutral"
"face-1656-2-Go.png",NA,NA,"neutral"
"face-1657-1-Go.png",NA,NA,"neutral"
"face-1659-1-Go.png",NA,NA,"neutral"
"face-1686-1-Go.png","disgust","neutral","neutral"
"face-1687-1-Go.png",NA,NA,"neutral"
"face-1688-2-Go.png",NA,"neutral","neutral"
"face-1692-1-Go.png","anger","neutral","neutral"
"face-1693-3-Go.png","surprise","neutral","neutral"
"face-1694-2-Go.png",NA,"happiness","happiness"
"face-1695-1-Go.png",NA,NA,"neutral"
"face-1696-3-Go.png","anger","neutral","neutral"
"face-1697-1-Go.png","anger","neutral","neutral"
"face-1698-1-Go.png",NA,"surprise","neutral"
"face-1700-1-Go.png",NA,"neutral","neutral"
"face-1702-3-Go.png",NA,NA,"neutral"
"face-1703-1-Go.png",NA,NA,"neutral"
"face-1704-1-Go.png",NA,NA,"neutral"
"face-1705-1-Go.png",NA,NA,"neutral"
"face-1706-1-Go.png",NA,NA,"neutral"
"face-1707-1-Go.png",NA,NA,"neutral"
"face-1708-2-Go.png",NA,"neutral","neutral"
"face-1714-1-Go.png","disgust","neutral","anger"
"face-1715-1-Go.png",NA,"neutral","neutral"
"face-1716-2-Go.png",NA,NA,"neutral"
"face-1717-1-Go.png",NA,"neutral","neutral"
"face-1718-1-Go.png",NA,NA,"neutral"
"face-1719-1-Go.png",NA,NA,"neutral"
"face-1720-1-Go.png",NA,"neutral","neutral"
"face-1721-2-Go.png",NA,NA,"neutral"
"face-1722-1-Go.png",NA,NA,"neutral"
"face-1723-2-Go.png",NA,"neutral",NA
"face-1724-1-Go.png",NA,NA,"neutral"
"face-1725-1-Go.png",NA,NA,"neutral"
"face-1742-1-Go.png",NA,NA,"neutral"
"face-1743-3-Go.png",NA,"neutral","neutral"
"face-1744-1-Go.png",NA,NA,"neutral"
"face-1745-1-Go.png","surprise","neutral","neutral"
"face-1746-1-Go.png",NA,NA,"neutral"
"face-1747-1-Go.png",NA,"neutral","neutral"
"face-1748-3-Go.png","disgust","neutral","neutral"
"face-1749-1-Go.png",NA,NA,"neutral"
"face-1750-1-Go.png","fear","neutral","neutral"
"face-1751-1-Go.png","surprise","neutral","neutral"
"face-1752-1-Go.png","surprise","neutral","neutral"
"face-1753-1-Go.png",NA,NA,"happiness"
"face-1754-1-Go.png","sadness","neutral","neutral"
"face-1755-1-Go.png","disgust","neutral","neutral"
"face-1757-2-Go.png",NA,NA,"neutral"
"face-1760-1-Go.png",NA,NA,"neutral"
"face-1761-1-Go.png",NA,NA,"neutral"
"face-1762-1-Go.png",NA,NA,"neutral"
"face-1764-1-Go.png",NA,NA,"neutral"
"face-1766-1-Go.png",NA,NA,"neutral"
"face-1771-2-Go.png",NA,NA,"neutral"
"face-1774-1-Go.png","anger","neutral","neutral"
